URL,Datetime,Tweet Id,Content,Username,findKeywordFlag,findKeyword
https://twitter.com/livemint/status/1600824911861145601,2022-12-08 12:09:35+00:00,1600824911861145601,"Tesla Inc. will shorten production shifts at its Shanghai factory as soon as Monday and has delayed the on-boarding of some new hires.

https://t.co/UTKbsqIyqK",livemint,True,tesla|
https://twitter.com/livemint/status/1597616537053319169,2022-11-29 15:40:39+00:00,1597616537053319169,"The Nasdaq, US stocks, US markets, Tesla amid some hopes that public unrest in China could lead to a quicker easing of COVID-19 curbs by its government.

https://t.co/rPeJbrnNYa",livemint,True,tesla|
https://twitter.com/livemint/status/1597522472366407682,2022-11-29 09:26:52+00:00,1597522472366407682,"#MintPlainFacts | In the first quarter of 2018, Tesla produced 34,494 vehicles. In the last three quarters, it has averaged about 310,000.

Read here: https://t.co/F2OG7lpqlK https://t.co/6Rxz3g7aco",livemint,True,tesla|
https://twitter.com/livemint/status/1597521888523476992,2022-11-29 09:24:33+00:00,1597521888523476992,"#MintPlainFacts | Musk started at Tesla as an investor, putting in $6.5 million in 2004, before taking over in 2008. Today, it accounts for nearly two-thirds of his net worth.

Read here: https://t.co/F2OG7lpqlK https://t.co/6umHgqdvDq",livemint,True,tesla|
https://twitter.com/livemint/status/1597294740189630467,2022-11-28 18:21:57+00:00,1597294740189630467,"Musk started at Tesla as an investor, putting in $6.5 million in 2004, before taking over in 2008. Today, it accounts for nearly two-thirds of his net worth. 

https://t.co/W44xFmlMR0",livemint,True,tesla|
https://twitter.com/livemint/status/1597228313260408832,2022-11-28 13:57:59+00:00,1597228313260408832,"#MintPremium | Musk's suggestion earlier this month that bankruptcy is a possibility set off alarm bells. But he made similar statements about his other companies, Tesla and SpaceX and they are still solvent.

https://t.co/T8OdyVHvpC",livemint,True,tesla|
https://twitter.com/livemint/status/1593086459292291072,2022-11-17 03:39:44+00:00,1593086459292291072,"Tesla investors have been increasingly concerned about the time that #ElonMusk is devoting to turning around the microblogging site.

https://t.co/l8PsMPBXk9",livemint,True,tesla|
https://twitter.com/livemint/status/1592856212315738112,2022-11-16 12:24:49+00:00,1592856212315738112,"Amid Twitter turmoil, Musk takes stand in $56 billion Tesla pay trial

Read here: https://t.co/eeiAt5iBlm https://t.co/OiRUcmcjzE",livemint,True,tesla|
https://twitter.com/livemint/status/1592721199129559040,2022-11-16 03:28:19+00:00,1592721199129559040,"Tesla's shares have dropped by 50% since early April, when he disclosed he had taken a stake in Twitter. 

https://t.co/J8Ytqjh3hX",livemint,True,tesla|
https://twitter.com/livemint/status/1592401598994870272,2022-11-15 06:18:21+00:00,1592401598994870272,"A compensation package for CEO Elon Musk that could be worth more than $55 billion ( ₹4.4 lakh crore) is being contested by Tesla shareholders.

https://t.co/uTOtH3xr2Q",livemint,True,tesla|
https://twitter.com/livemint/status/1592055476896043009,2022-11-14 07:22:59+00:00,1592055476896043009,"Since his takeover of the micro-blogging platform twitter, Elon Musk has made several controversial decisions and statements that have more often than not backfired on the Tesla CEO.

https://t.co/aDo4k4LTTs",livemint,True,tesla|
https://twitter.com/livemint/status/1590335900348620800,2022-11-09 13:30:00+00:00,1590335900348620800,"Tesla CEO Elon Musk has sold 19.5 million shares of the electric vehicle maker worth $3.95 billion on Tuesday, days after he completed the $44 billion takeover of Twitter.

Read here: https://t.co/RPclRQVouC https://t.co/bXaSO7r14K",livemint,True,tesla|
https://twitter.com/livemint/status/1590206124577681411,2022-11-09 04:54:19+00:00,1590206124577681411,"Tesla CEO Elon Musk has sold 19.5 million shares of the electric vehicle maker worth $3.95 billion on Tuesday, days after he completed the $44 billion takeover of Twitter.

Read here: https://t.co/RPclRQElsC https://t.co/PF7O1fGvgc",livemint,True,tesla|
https://twitter.com/livemint/status/1588338992646262784,2022-11-04 01:15:00+00:00,1588338992646262784,"Twitter's new owner Elon Musk has now secured an opportunity to get back at all his critics on the social media platform. 

The Tesla CEO has reportedly planned several policy changes for the future of the platform.

https://t.co/DjsMeoB1Ft",livemint,True,tesla|
https://twitter.com/livemint/status/1588191772450111489,2022-11-03 15:30:00+00:00,1588191772450111489,"Twitter's new owner Elon Musk has now secured an opportunity to get back at all his critics on the social media platform. 

The Tesla CEO has reportedly planned several policy changes for the future of the platform.

https://t.co/DjsMeoSD43",livemint,True,tesla|
https://twitter.com/livemint/status/1587437400405708800,2022-11-01 13:32:24+00:00,1587437400405708800,"#MintPremium | Some engineers from Tesla Inc., where Mr. Musk is chief executive, met with Twitter staff after the takeover to review the platform, people familiar with the matter said.

https://t.co/mLKRPfZwgR",livemint,True,tesla|
https://twitter.com/livemint/status/1587371932403773440,2022-11-01 09:12:15+00:00,1587371932403773440,"Tesla said last month that it was working on readying its Austin, Texas plant to build the new model with ""early production"" set to start in the middle of 2023.

https://t.co/E7khWHJonT",livemint,True,tesla|
https://twitter.com/livemint/status/1586580215542996994,2022-10-30 04:46:15+00:00,1586580215542996994,"According to a report, as part of #ElonMusk’s deal with Twitter and the company’s compensation programme, the Tesla CEO agreed to pay the employees in cash. 

https://t.co/5CqQXonS1D",livemint,True,tesla|
https://twitter.com/livemint/status/1586126915986784257,2022-10-28 22:45:00+00:00,1586126915986784257,"The Tesla CEO ultimately gave up on the borrowing plan and contributed more cash. 

In the end, Musk sold roughly $15.5 billion worth of shares in Tesla in two waves, in April and in August.

(@_maqtub reports) 

https://t.co/oNJ55yGCbz",livemint,True,tesla|
https://twitter.com/livemint/status/1586003885088378886,2022-10-28 14:36:07+00:00,1586003885088378886,"Tesla chief Musk has indicated he would lift Trump's Twitter ban, imposed in the wake of the 2021 assault on the US Capitol that the Republican leader is accused of inciting.

https://t.co/T6pe1GMW1h",livemint,True,tesla|
https://twitter.com/livemint/status/1585846316977954817,2022-10-28 04:10:00+00:00,1585846316977954817,"The Tesla CEO ultimately gave up on the borrowing plan and contributed more cash. 

In the end, Musk sold roughly $15.5 billion worth of shares in Tesla in two waves, in April and in August.

(@_maqtub reports) 

https://t.co/oNJ55yGCbz",livemint,True,tesla|
https://twitter.com/livemint/status/1585646796855861249,2022-10-27 14:57:10+00:00,1585646796855861249,"#MintPremium | Advertisers are concerned about the Musk's plans to soften content moderation and what they say are potential conflicts of interest in auto advertising, given that he is chief executive of Tesla Inc.

https://t.co/Puoq21ylUC",livemint,True,tesla|
https://twitter.com/livemint/status/1581860050460516352,2022-10-17 04:10:00+00:00,1581860050460516352,"“The cheapest Tesla costs $50,000, which most of the world cannot afford,"" Bhavish Aggarwal said. 

“We’ve a chance to lead the EV revolution with a different set of options priced between $1,000 and $50,000.""

https://t.co/bbuRHb2cTp",livemint,True,tesla|
https://twitter.com/livemint/status/1579877251327307787,2022-10-11 16:51:04+00:00,1579877251327307787,"Microsoft, Twitter, Amazon , Apple and Tesla were down between 1% and 3.5%.

https://t.co/6qJFm6IW1A",livemint,True,tesla|
https://twitter.com/livemint/status/1579551086477774853,2022-10-10 19:15:00+00:00,1579551086477774853,"""The record high sales of China-made Tesla cars showed electric vehicles have been leading the mobility trend,"" Tesla said in a brief statement.

https://t.co/s1a1k8LRMz",livemint,True,tesla|
https://twitter.com/livemint/status/1579430461851721730,2022-10-10 11:15:41+00:00,1579430461851721730,"""The record high sales of China-made Tesla cars showed electric vehicles have been leading the mobility trend,"" Tesla said in a brief statement.

https://t.co/s1a1k8MpC7",livemint,True,tesla|
https://twitter.com/livemint/status/1578968497140498432,2022-10-09 04:40:00+00:00,1578968497140498432,"Tesla CEO Elon mUsk who is poised to buy the micro-blogging platform Twitter, was one of the first responders to Ye's tweet. 

https://t.co/AlqqWKO7wt",livemint,True,tesla|
https://twitter.com/livemint/status/1577685040221208577,2022-10-05 15:40:00+00:00,1577685040221208577,"Tesla states it will remove ultrasonic sensors from its vehicles starting this month, as it moves ahead with using only cameras in its safety and driver-assistance features.

https://t.co/oP8oHt9T5G",livemint,True,tesla|
https://twitter.com/livemint/status/1577414508074749953,2022-10-04 21:45:00+00:00,1577414508074749953,"According to the Bloomberg Billionaires Index, Tesla's chief executive officer (CEO) Musk's wealth declined over 6% in the last 24 hours with his total wealth at $223 billion as of October 4, 2022. 

https://t.co/eiqjvpbCDM",livemint,True,tesla|
https://twitter.com/livemint/status/1577244639249285121,2022-10-04 10:30:00+00:00,1577244639249285121,"According to the Bloomberg Billionaires Index, Tesla's chief executive officer (CEO) Musk's wealth declined over 6% in the last 24 hours with his total wealth at $223 billion as of October 4, 2022. 

https://t.co/eiqjvpbCDM",livemint,True,tesla|
https://twitter.com/livemint/status/1577176145078124544,2022-10-04 05:57:50+00:00,1577176145078124544,"Tesla share price tumbled over 8% on Monday, its biggest one-day decline since June 3. It was also by far the worst performer in the S&amp;P 500 Index, which notched its best day since July.

https://t.co/cCdiqNxPTH",livemint,True,tesla|
https://twitter.com/livemint/status/1576693507980337153,2022-10-02 22:00:00+00:00,1576693507980337153,"Tesla hopes make millions of Optimus and sell it under $20,000 in three to five years.

https://t.co/J0WThgvP00",livemint,True,tesla|
https://twitter.com/livemint/status/1576534768270778368,2022-10-02 11:29:14+00:00,1576534768270778368,"Tesla hopes make millions of Optimus and sell it under $20,000 in three to five years.

https://t.co/VUNnTxOh8c",livemint,True,tesla|
https://twitter.com/livemint/status/1576132308985421825,2022-10-01 08:50:00+00:00,1576132308985421825,"Months of private messages made public in the litigation surrounding the Tesla Inc. chief executive officer’s takeover of Twitter Inc. show the degree to which the entrepreneur’s ring of acquaintances and confidants curried favor from Musk.

https://t.co/44t3dYzdlZ",livemint,True,tesla|
https://twitter.com/livemint/status/1575494689783877632,2022-09-29 14:36:19+00:00,1575494689783877632,"The Nasdaq fell over 1% due to losses in megacap growth names such as Amazon Inc, Apple Inc , Microsoft Corp, Meta Platforms Inc and Tesla Inc. They were down between 2.41% and 4.12%.

https://t.co/1B6zHABJlZ",livemint,True,tesla|
https://twitter.com/livemint/status/1575339585298735104,2022-09-29 04:20:00+00:00,1575339585298735104,"Tesla said that Airbnb co-founder Joseph Gebbia has joined the electric vehicle maker's board, reversing a move to trim the number of directors at the world's most valuable carmaker.

https://t.co/9OTGSRkmID",livemint,True,tesla|
https://twitter.com/livemint/status/1574609778160111621,2022-09-27 04:00:00+00:00,1574609778160111621,"In a year that has seen high-flying technology stocks with lofty valuations battered, Tesla Inc. shares have emerged as an unlikely rival to Apple Inc.

https://t.co/CkfhBSQ77P",livemint,True,tesla|
https://twitter.com/livemint/status/1574164341284253697,2022-09-25 22:30:00+00:00,1574164341284253697,"The announcement comes days after Tesla Inc put on hold its plans to enter the Indian EV market after failing to secure a lower import tariff for its cars.

https://t.co/a4jvdokcGo",livemint,True,tesla|
https://twitter.com/livemint/status/1574073746817630208,2022-09-25 16:30:00+00:00,1574073746817630208,"The announcement comes days after Tesla Inc put on hold its plans to enter the Indian EV market after failing to secure a lower import tariff for its cars.

https://t.co/a4jvdokcGo",livemint,True,tesla|
https://twitter.com/livemint/status/1573960501972942849,2022-09-25 09:00:01+00:00,1573960501972942849,"The announcement comes days after Tesla Inc put on hold its plans to enter the Indian EV market after failing to secure a lower import tariff for its cars. 

https://t.co/a4jvdo2BOQ",livemint,True,tesla|
https://twitter.com/livemint/status/1572627968450494464,2022-09-21 16:45:00+00:00,1572627968450494464,"Tesla Chief Executive Elon Musk blamed overreliance on factory robots for sending the electric carmaker to ""production hell"" four years ago, saying humans were better at certain jobs.

https://t.co/KAKcXbWTvI",livemint,True,tesla|
https://twitter.com/livemint/status/1572463551872368648,2022-09-21 05:51:40+00:00,1572463551872368648,"Tesla Chief Executive Elon Musk blamed overreliance on factory robots for sending the electric carmaker to ""production hell"" four years ago, saying humans were better at certain jobs.

https://t.co/KAKcXbXrlg",livemint,True,tesla|
https://twitter.com/livemint/status/1570902852335271936,2022-09-16 22:30:00+00:00,1570902852335271936,"Adani has overtaken Amazon's Jeff Bezos to secure the second richest spot, and now trails Tesla's Elon Musk, who remains the world's richest man with $273.5 billion net worth.

https://t.co/7Xh5ZYXsUB",livemint,True,tesla|
https://twitter.com/livemint/status/1570659894147305478,2022-09-16 06:24:34+00:00,1570659894147305478,"Adani has overtaken Amazon's Jeff Bezos to secure the second richest spot, and now trails Tesla's Elon Musk, who remains the world's richest man with $273.5 billion net worth.

https://t.co/7Xh5ZYY0K9",livemint,True,tesla|
https://twitter.com/livemint/status/1570419671232299008,2022-09-15 14:30:01+00:00,1570419671232299008,"#MintPremium | Tesla is pausing its plans to make battery cells in Germany as it looks at qualifying for US electric vehicle and battery manufacturing tax credits.

https://t.co/lY0nf7PDMd",livemint,True,tesla|
https://twitter.com/livemint/status/1567890632215072768,2022-09-08 15:00:31+00:00,1567890632215072768,"#MintPremium | Tesla had a big jump in deliveries from its Gigafactory in Shanghai in August after upgrading its assembly lines, but the American EV maker continues to fall behind Chinese rival BYD Co. in the world’s biggest auto market.

https://t.co/XEOzbFbqpW",livemint,True,tesla|
https://twitter.com/livemint/status/1567543225765793794,2022-09-07 16:00:03+00:00,1567543225765793794,"Tesla founder Elon Musk can use a Twitter Inc whistle-blower’s complaint about spam and bots on the social media platform into his defense against its lawsuit to make him complete his $44 billion buyout.

https://t.co/tFeW0bOfuf",livemint,True,tesla|
https://twitter.com/livemint/status/1567518048034103301,2022-09-07 14:20:00+00:00,1567518048034103301,"#MintPremium | Electric-vehicle startups had a rip-roaring 2021 as investors placed bets on which would be the nextTesla Inc. This year has been more like a pileup on the track.

https://t.co/sDEYLPcZgP",livemint,True,tesla|
https://twitter.com/livemint/status/1567046471421403136,2022-09-06 07:06:07+00:00,1567046471421403136,"The secret behind Elon Musk's goal of selling 20 million Tesla's a year by 2030 lies in its pioneering battery technology.

https://t.co/C3KcifOWX2",livemint,True,tesla|
https://twitter.com/livemint/status/1564611542280466445,2022-08-30 13:50:35+00:00,1564611542280466445,"#MintPremium | Tesla Inc. boss Elon Musk told European energy leaders that the world needs more oil and natural gas and should continue operating nuclear power plants while investing heavily in renewable energy sources.

https://t.co/WSDqWMR1oQ",livemint,True,tesla|
https://twitter.com/livemint/status/1564415101293174785,2022-08-30 00:50:00+00:00,1564415101293174785,"Tesla founder Elon Musk said he aimed to get self-driving Teslas ready by year-end and hopes they could be in wide release in the United States and possibly in Europe, depending on regulatory approval.

https://t.co/Cg0sEfuDUv",livemint,True,tesla|
https://twitter.com/livemint/status/1564360995119583232,2022-08-29 21:15:00+00:00,1564360995119583232,"Tesla Boss Elon Musk raised another alarm regarding depleting birth rate saying ‘I'm concerned about the birth rates’ and further advised that ‘people should have enough babies to sustain civilisation’.

https://t.co/IfMINDXjgh",livemint,True,tesla|
https://twitter.com/livemint/status/1564221457710071811,2022-08-29 12:00:32+00:00,1564221457710071811,"Tesla founder Elon Musk said he aimed to get self-driving Teslas ready by year-end and hopes they could be in wide release in the United States and possibly in Europe, depending on regulatory approval.

https://t.co/Cg0sEfvbK3",livemint,True,tesla|
https://twitter.com/livemint/status/1564216577930952704,2022-08-29 11:41:08+00:00,1564216577930952704,"Tesla Boss Elon Musk raised another alarm regarding depleting birth rate saying ‘I'm concerned about the birth rates’ and further advised that ‘people should have enough babies to sustain civilisation’.

https://t.co/IfMINEfsup",livemint,True,tesla|
https://twitter.com/livemint/status/1564170992837988352,2022-08-29 08:40:00+00:00,1564170992837988352,"Billionaire Elon Musk who loves gobbling up delicious food has now started taking his health seriously. 

The Tesla chief has openly accepted that he does not like working out but needs to do it anyway.

https://t.co/AycqMoPOQa",livemint,True,tesla|
https://twitter.com/livemint/status/1563499785872904195,2022-08-27 12:12:52+00:00,1563499785872904195,"A 20-year-old college student who has been tracking Elon Musk’s private jet said he would stop the act if the Tesla boss agrees to take him on one of his tours.

https://t.co/P5kSn16J7B",livemint,True,tesla|
https://twitter.com/livemint/status/1562620652280246274,2022-08-25 01:59:30+00:00,1562620652280246274,"The Tesla boss's team told a US judge the former Twitter security chief's allegations of major security gaps and problematic practices had bolstered their case, which has struggled for momentum in court.

https://t.co/h7Iukv9Ylb",livemint,True,tesla|
https://twitter.com/livemint/status/1562406868617547776,2022-08-24 11:50:00+00:00,1562406868617547776,"Elon Musk on 24 August said that he doesn't want to hear complaints from customers trying out the driver-assistance system Tesla Inc. plans to start charging $15,000 for in the coming weeks.

https://t.co/LaESF2nU1Y",livemint,True,tesla|
https://twitter.com/livemint/status/1562285976378286080,2022-08-24 03:49:37+00:00,1562285976378286080,"Shares of Tesla have climbed about 25% since the electric-vehicle company announced plans June 10 to split its stock.

https://t.co/UyW76ovRdu",livemint,True,tesla|
https://twitter.com/livemint/status/1561809180222169090,2022-08-22 20:15:00+00:00,1561809180222169090,"Tesla chief Elon Musk reportedly met his longtime friend from India Pranay Pathole, a software developer working for the Tata Consultancy Services. 

https://t.co/gFYbbkQ3Mz",livemint,True,tesla|
https://twitter.com/livemint/status/1561669397282172928,2022-08-22 10:59:33+00:00,1561669397282172928,"Tesla chief Elon Musk reportedly met his longtime friend from India Pranay Pathole, a software developer working for the Tata Consultancy Services. 

https://t.co/gFYbbkQBC7",livemint,True,tesla|
https://twitter.com/livemint/status/1561563623222558720,2022-08-22 03:59:14+00:00,1561563623222558720,"Tesla's Chief Executive Officer Elon Musk on 21 August informed that the price for full self-driving system (FSD) will rise to $15,000 in North America. 

https://t.co/ujYTGO676E",livemint,True,tesla|
https://twitter.com/livemint/status/1561510965375406080,2022-08-22 00:30:00+00:00,1561510965375406080,"#MintPremium | U.S. auto-safety regulators are asking Tesla Inc. for information related to its cabin-camera system as part of an investigation into crashes involving its driver-assistance technology.

https://t.co/V0KEDsilpH",livemint,True,tesla|
https://twitter.com/livemint/status/1561450568652099586,2022-08-21 20:30:00+00:00,1561450568652099586,"#MintPremium | U.S. auto-safety regulators are asking Tesla Inc. for information related to its cabin-camera system as part of an investigation into crashes involving its driver-assistance technology.

https://t.co/V0KEDs0Ky9",livemint,True,tesla|
https://twitter.com/livemint/status/1560963608653299713,2022-08-20 12:15:00+00:00,1560963608653299713,"#Opinion | Indonesia wants Tesla Inc. to make cars — and batteries — locally. That might be the smartest bet Elon Musk can make, and it won’t be so hard.

(By @anjani_trivedi) 

https://t.co/er1JdUba5g",livemint,True,tesla|
https://twitter.com/livemint/status/1560124328275980291,2022-08-18 04:40:00+00:00,1560124328275980291,"Tesla has shortened the delivery waiting time for the Model Y in China to four to eight weeks, it said on its Chinese website.

https://t.co/YT73CDgNvC",livemint,True,tesla|
https://twitter.com/livemint/status/1559725978653700096,2022-08-17 02:17:06+00:00,1559725978653700096,"Elon Musk has declared that he is purchasing Manchester United, a British football team. 

In a series of tweets, the Tesla CEO asserted that he backed both the right and left halves of the Democratic and Republican parties.

(By @_maqtub) 

https://t.co/dwxmc1WjyB",livemint,True,tesla|
https://twitter.com/livemint/status/1557333642682433536,2022-08-10 11:50:48+00:00,1557333642682433536,"#ElonMusk sells #Tesla shares worth $6.9 billion ahead of October court battle with Twitter - report

Read here: https://t.co/dqNDQzUVmW https://t.co/67cGasUjiq",livemint,True,tesla|
https://twitter.com/livemint/status/1557225815527804928,2022-08-10 04:42:20+00:00,1557225815527804928,"Elon Musk has now sold around $32 billion worth of stock in Tesla over the past 10 months.

https://t.co/dqNDQzUVmW",livemint,True,tesla|
https://twitter.com/livemint/status/1557208788113178625,2022-08-10 03:34:41+00:00,1557208788113178625,"Musk has now sold around $32 billion worth of stock in Tesla over the past 10 months. 

Read here: https://t.co/XpvNWbPsqj https://t.co/qdmGFT0Hdu",livemint,True,tesla|
https://twitter.com/livemint/status/1557206022858887179,2022-08-10 03:23:41+00:00,1557206022858887179,"The sale comes just four months after Musk said he had no further plans to sell Tesla shares after disposing of $8.5 billion of stock in the wake of his now-pulled deal to buy Twitter Inc.  

https://t.co/dqNDQzUVmW",livemint,True,tesla|
https://twitter.com/livemint/status/1557202537610383360,2022-08-10 03:09:51+00:00,1557202537610383360,"WATCH | Hurt by China's lockdown, Tesla's July sales plummet; Production ramped up at Shanghai https://t.co/gkwQT7bM33",livemint,True,tesla|
https://twitter.com/livemint/status/1555805872864890880,2022-08-06 06:40:00+00:00,1555805872864890880,"""Tesla made or disseminated statements that are untrue or misleading, and not based on facts,"" Reuters quoted the DMV's complaints dated 28 July 28 and made public on Friday.

https://t.co/YE6EkKyDif",livemint,True,tesla|
https://twitter.com/livemint/status/1555517644614561793,2022-08-05 11:34:41+00:00,1555517644614561793,"Tesla CEO Elon Musk said Twitter misrepresented the size of its user base to distort its value and then “played a months-long game of hide-and-seek"" as he sought more information to complete the $44 billion purchase of the company. 

Read here: https://t.co/xRBMHCXfFU https://t.co/3h3x5AAhzo",livemint,True,tesla|
https://twitter.com/livemint/status/1555415802593124356,2022-08-05 04:50:00+00:00,1555415802593124356,"Twitter has denied in a court filing that it had deprived its would-be acquirer, billionaire and Tesla CEO Elon Musk, of necessary information or misrepresented details about its business.

https://t.co/tX5gjB5EXG",livemint,True,tesla|
https://twitter.com/livemint/status/1551759457784578048,2022-07-26 02:40:59+00:00,1551759457784578048,"Tesla CEO Elon Musk has hinted to stay out of the public eye as he thinks the amount of attention on him has been supernova.

https://t.co/cIU6J5x5oc",livemint,True,tesla|
https://twitter.com/livemint/status/1549955034292846592,2022-07-21 03:10:51+00:00,1549955034292846592,"#Tesla sold a significant chunk of its stake in #Bitcoin, an investment that helped legitimize the world’s largest electronic currency. 

The electric carmaker had sold about 75% of its holdings of the virtual token.

https://t.co/feMiTqtKNW",livemint,True,tesla|
https://twitter.com/livemint/status/1549642931749163008,2022-07-20 06:30:40+00:00,1549642931749163008,"Amid a legal battle with #Twitter, Tesla CEO Elon Musk was seen on a luxury yacht and the internet can't stop talking about his shirtless that has gone viral.

https://t.co/RX8K7lLJm3",livemint,True,tesla|
https://twitter.com/livemint/status/1548150063171764229,2022-07-16 03:38:32+00:00,1548150063171764229,"Tesla CEO filed a motion opposing #Twitter's request to fast-track a trial over his plan to terminate his $44 billion deal for the social media firm.

Read here: https://t.co/fjdgZ7bhCO https://t.co/noWaoMcgnh",livemint,True,tesla|
https://twitter.com/livemint/status/1548019567062138880,2022-07-15 19:00:00+00:00,1548019567062138880,"Before Tesla CEO Elon Musk pulled out of the $44 billion deal to buy Twitter, he sent a text to Twitter CEO Parag Agrawal, saying that the company's lawyers were trying to ""cause trouble"".

https://t.co/QFD5VbpsKX",livemint,True,tesla|
https://twitter.com/livemint/status/1546450478317420548,2022-07-11 11:05:00+00:00,1546450478317420548,"Billionaire Elon Musk has taken a swipe at microblogging site Twitter who has threatened to sue the Tesla and SpaceX CEO over the termination of the $44 billion deal.

https://t.co/IMn9yncKK5",livemint,True,tesla|
https://twitter.com/livemint/status/1545651462864338945,2022-07-09 06:10:00+00:00,1545651462864338945,"Elon Musk, the chief executive officer of Tesla and the world's richest person, said on Friday he was terminating his $44 billion deal to buy Twitter.

https://t.co/QZutNgiAqS",livemint,True,tesla|
https://twitter.com/livemint/status/1545539475161452549,2022-07-08 22:45:00+00:00,1545539475161452549,"The Tesla CEO, who had offered to buy Twitter for $44 billion, has threatened to walk away from the deal if the company can't show that less than 5% of its daily active users are automated spam accounts.

https://t.co/LMFBxM20yI",livemint,True,tesla|
https://twitter.com/livemint/status/1545396029779873793,2022-07-08 13:15:00+00:00,1545396029779873793,"The Tesla CEO, who had offered to buy Twitter for $44 billion, has threatened to walk away from the deal if the company can't show that less than 5% of its daily active users are automated spam accounts.

https://t.co/LMFBxLKpa8",livemint,True,tesla|
https://twitter.com/livemint/status/1545248446667313152,2022-07-08 03:28:33+00:00,1545248446667313152,"The Tesla CEO, who had offered to buy Twitter for $44 billion, has threatened to walk away from the deal if the company can't show that less than 5% of its daily active users are automated spam accounts.

https://t.co/Bw3SJYRG6J",livemint,True,tesla|
https://twitter.com/livemint/status/1543697336580222976,2022-07-03 20:45:00+00:00,1543697336580222976,"#Tesla said on Saturday its vehicle deliveries fell to 254,695 in the second quarter, as a COVID-related shutdown in Shanghai hit its production and supply chain.
https://t.co/xAifVh3prU",livemint,True,tesla|
https://twitter.com/livemint/status/1543467071161241600,2022-07-03 05:30:00+00:00,1543467071161241600,"#Tesla said on Saturday its vehicle deliveries fell to 254,695 in the second quarter, as a COVID-related shutdown in Shanghai hit its production and supply chain.
https://t.co/xAifVh3prU",livemint,True,tesla|
https://twitter.com/livemint/status/1542094933854564353,2022-06-29 10:37:37+00:00,1542094933854564353,"[PARTNERED]
In the PaaS model, the battery's equipment is owned and maintained by Tesla Power USA, to deliver desired energy storage and backup solutions in case of power grid failure. Read more! @TeslaPowerUSA
https://t.co/lDvIenoiTl",livemint,True,tesla|
https://twitter.com/livemint/status/1542050010325729282,2022-06-29 07:39:07+00:00,1542050010325729282,"#Tesla has shuttered its office in #SanMateo, California and laid off roughly 200 employees working on its Autopilot driver-assistant system there. https://t.co/sNUK2jS4jT",livemint,True,tesla|
https://twitter.com/livemint/status/1540532734455693312,2022-06-25 03:10:00+00:00,1540532734455693312,"Shares of China’s electric-vehicle makers are trouncing global industry leader Tesla Inc., bolstered by Beijing’s consumption incentives and heavy dip-buying from investors.

https://t.co/1IbnFdAM7M",livemint,True,tesla|
https://twitter.com/livemint/status/1540065908214837248,2022-06-23 20:15:00+00:00,1540065908214837248,"#Tesla’s two newest car factories have been losing billions of dollars as supply-chain disruptions and battery-cell manufacturing challenges limit the company’s ability to increase production, #ElonMusk said in a recent interview.

https://t.co/SUHirBRxqr",livemint,True,tesla|
https://twitter.com/livemint/status/1539985377649274880,2022-06-23 14:55:00+00:00,1539985377649274880,"#Tesla’s two newest car factories have been losing billions of dollars as supply-chain disruptions and battery-cell manufacturing challenges limit the company’s ability to increase production, #ElonMusk said in a recent interview.
https://t.co/SUHirBRxqr",livemint,True,tesla|
https://twitter.com/livemint/status/1539680871170572291,2022-06-22 18:45:00+00:00,1539680871170572291,"#Twitter's board has recommended unanimously that shareholders approve the proposed $44 billion sale of the company to billionaire and Tesla CEO #ElonMusk, according to a regulatory filing Tuesday.
 https://t.co/L6YcCbem0I",livemint,True,tesla|
https://twitter.com/livemint/status/1538216220217880577,2022-06-18 17:45:00+00:00,1538216220217880577,"Earlier in May 2022, Tesla CEO made it clear that his firm will not manufacture its products locally unless it is allowed to first sell and service its cars in the country. 

https://t.co/7CWgEGlSGw",livemint,True,tesla|
https://twitter.com/livemint/status/1536853493050269696,2022-06-14 23:30:00+00:00,1536853493050269696,"Tesla Chief Executive Elon Musk said on Twitter last month that the company would not set up manufacturing in any location where it was not allowed first to sell and service cars.

https://t.co/ZwLu6hmdnC",livemint,True,tesla|
https://twitter.com/livemint/status/1536689294177206273,2022-06-14 12:37:32+00:00,1536689294177206273,"Tesla Chief Executive Elon Musk said on Twitter last month that the company would not set up manufacturing in any location where it was not allowed first to sell and service cars.

https://t.co/nL2pKn3HKC",livemint,True,tesla|
https://twitter.com/livemint/status/1536564274499588096,2022-06-14 04:20:45+00:00,1536564274499588096,"#Tesla has sacked its Singapore country manager just over a week after #ElonMusk, warned of global job cuts announcing a 10% of workforce reduction. https://t.co/kcJKwGWUQ7",livemint,True,tesla|
https://twitter.com/livemint/status/1535512814969704448,2022-06-11 06:42:38+00:00,1535512814969704448,"Electric vehicle maker Tesla Inc on Friday proposed a three-to-one stock split, making its shares more affordable following recent sell-offs of the most valuable automaker.

https://t.co/QfKwepl2tJ https://t.co/gENnge42H2",livemint,True,tesla|
https://twitter.com/livemint/status/1535482043550863362,2022-06-11 04:40:21+00:00,1535482043550863362,"Electric vehicle maker Tesla Inc on Friday proposed a three-to-one stock split, making its shares more affordable following recent sell-offs of the most valuable automaker.

https://t.co/QfKwepCDSj",livemint,True,tesla|
https://twitter.com/livemint/status/1535354866326900736,2022-06-10 20:15:00+00:00,1535354866326900736,"Tesla Autopilot cars are one step closer to being recalled after the United States stepped up its inquiry into a number of crashes with parked emergency vehicles or trucks with warning signals.

https://t.co/eI7evmLykW",livemint,True,tesla|
https://twitter.com/livemint/status/1535135923498795008,2022-06-10 05:45:00+00:00,1535135923498795008,"Tesla Autopilot cars are one step closer to being recalled after the United States stepped up its inquiry into a number of crashes with parked emergency vehicles or trucks with warning signals.

https://t.co/eI7evn39Jw",livemint,True,tesla|
https://twitter.com/livemint/status/1534523638866640896,2022-06-08 13:12:00+00:00,1534523638866640896,Tesla Boss Elon Musk raised yet another alarm over China's declining birth rate that can lead to a possible ‘population collapse’ in the near future. https://t.co/JIrZh82G6U,livemint,True,tesla|
https://twitter.com/livemint/status/1533554256661270528,2022-06-05 21:00:01+00:00,1533554256661270528,"Chief Executive Officer Elon Musk said Tesla Inc.’s total headcount will increase, a day after telling employees he plans to reduce salaried staff by 10%.

 https://t.co/M38D6GdVaO",livemint,True,tesla|
https://twitter.com/livemint/status/1533497628062732288,2022-06-05 17:15:00+00:00,1533497628062732288,"Chief Executive Officer Elon Musk said Tesla Inc.’s total headcount will increase, a day after telling employees he plans to reduce salaried staff by 10%.

 https://t.co/M38D6GdVaO",livemint,True,tesla|
https://twitter.com/livemint/status/1533315175872352256,2022-06-05 05:10:00+00:00,1533315175872352256,"Chief Executive Officer Elon Musk said Tesla Inc.’s total headcount will increase, a day after telling employees he plans to reduce salaried staff by 10%.

 https://t.co/M38D6Gvwzo",livemint,True,tesla|
https://twitter.com/livemint/status/1532693591230779392,2022-06-03 12:00:02+00:00,1532693591230779392,"Elon Musk envisioned that the one day Tesla bot will have, ‘the potential to be more significant than the vehicle business over time’

https://t.co/qA7Pr3fVjp",livemint,True,tesla|
https://twitter.com/livemint/status/1532633152878891008,2022-06-03 07:59:53+00:00,1532633152878891008,"Musk earlier this week asked Tesla employees to return to the office or leave the company.

https://t.co/e4lXbSTTh3",livemint,True,tesla|
https://twitter.com/livemint/status/1532564058183827456,2022-06-03 03:25:19+00:00,1532564058183827456,"Elon Musk envisioned that the one day Tesla bot will have, 'the potential to be more significant than the vehicle business over time'.

https://t.co/M4JVfov5iq",livemint,True,tesla|
https://twitter.com/livemint/status/1531928539150397441,2022-06-01 09:20:00+00:00,1531928539150397441,"Elon Musk, chief executive officer of Tesla Inc., weighed in on the return-to-office debate Wednesday on Twitter by elaborating on an email he apparently sent to the electric-car maker’s executive staff.

 https://t.co/6AReN34eEr",livemint,True,tesla|
https://twitter.com/livemint/status/1531615844450521088,2022-05-31 12:37:28+00:00,1531615844450521088,"#MintPremium | The Indian government might fear that allowing Tesla to easily import cars would hinder plans to attract other EV makers to the country, but India's own market for such high-end EVs is minuscule.

https://t.co/aF3YgZZE6k",livemint,True,tesla|
https://twitter.com/livemint/status/1530624953728372736,2022-05-28 19:00:01+00:00,1530624953728372736,"The world’s richest man said, ""Tesla will not put a manufacturing plant in any location where we are not allowed first to sell and service cars.""

https://t.co/hpKJAn16KB",livemint,True,tesla|
https://twitter.com/livemint/status/1530534353993867265,2022-05-28 13:00:00+00:00,1530534353993867265,"Earlier on April 26, Gadkari had said, if Tesla is ready to manufacture its EVs in India then there is 'no problem', but the company must not import cars from China.

https://t.co/Not5B8rAzb",livemint,True,tesla|
https://twitter.com/livemint/status/1530413559309430784,2022-05-28 05:00:00+00:00,1530413559309430784,"Tesla CEO said,"" Tesla will not put a manufacturing plant in any location where we are not allowed first to sell &amp; service cars.""

https://t.co/Not5B89ZaB",livemint,True,tesla|
https://twitter.com/livemint/status/1529447282294378497,2022-05-25 13:00:22+00:00,1529447282294378497,"#MintPremium | Toyota finally has a product to compete with Tesla. Despite an awkward name and mixed reviews, the bZ4X could be the most consequential electric vehicle launched this year.https://t.co/i9mhvQfqzq",livemint,True,tesla|
https://twitter.com/livemint/status/1527469156861288448,2022-05-20 02:00:00+00:00,1527469156861288448,"#MintPremium | US auto-safety regulators have opened a special crash investigation into a fatal wreck involving a Tesla Inc. vehicle that has left three people dead.

https://t.co/R3KMDtazu4",livemint,True,tesla|
https://twitter.com/livemint/status/1527257599996899329,2022-05-19 11:59:21+00:00,1527257599996899329,"#MintPremium | The billionaire Tesla Inc. chief executive recently tweeted that the deal is “on hold"" until he gets more information about the portion of the social-media platform’s users that are spam accounts. https://t.co/hvErL5CB1R",livemint,True,tesla|
https://twitter.com/livemint/status/1527255175127126016,2022-05-19 11:49:43+00:00,1527255175127126016,"#MintPremium | The regulatory agency has disclosed it is investigating more than 30 incidents in which a Tesla vehicle suspected to be using Autopilot was involved in a serious crash.

https://t.co/R3KMDtazu4",livemint,True,tesla|
https://twitter.com/livemint/status/1527207179375321088,2022-05-19 08:39:00+00:00,1527207179375321088,"#Tesla has become the most valuable auto industry company by pioneering electric vehlices (EVs) and expanding into battery storage for electric grids and solar-power systems.

https://t.co/mlTPCt9xLg",livemint,True,tesla|
https://twitter.com/livemint/status/1526650007759118336,2022-05-17 19:45:00+00:00,1526650007759118336,"Tesla CEO Elon Musk on Monday gave the strongest hint yet that he would like to pay less for Twitter than his $44 billion offer made last month.

https://t.co/MF8eCTk7mf",livemint,True,tesla|
https://twitter.com/livemint/status/1526605684397051904,2022-05-17 16:48:52+00:00,1526605684397051904,"Microsoft Corp, Apple Inc, Tesla Inc and Nvidia Corp gained between 1.5% and 4.8%, providing the biggest boost to the S&amp;P 500 and the Nasdaq.

https://t.co/tQWjQUzIZB",livemint,True,tesla|
https://twitter.com/livemint/status/1526377793629884416,2022-05-17 01:43:19+00:00,1526377793629884416,"Tesla CEO Elon Musk on Monday gave the strongest hint yet that he would like to pay less for Twitter than his $44 billion offer made last month.

https://t.co/LX0JQzTAQ4",livemint,True,tesla|
https://twitter.com/livemint/status/1525925231784624128,2022-05-15 19:45:00+00:00,1525925231784624128,"#Tesla CEO #ElonMusk has said that Twitter's legal team accused him of violating a nondisclosure agreement by revealing that the sample size for the social media platform's checks on automated users was 100.
 https://t.co/N1GfpzA2un",livemint,True,tesla|
https://twitter.com/livemint/status/1525838412514836480,2022-05-15 14:00:00+00:00,1525838412514836480,"#Tesla CEO #ElonMusk has said that Twitter's legal team accused him of violating a nondisclosure agreement by revealing that the sample size for the social media platform's checks on automated users was 100.
 https://t.co/N1GfpzirCP",livemint,True,tesla|
https://twitter.com/livemint/status/1525694965975638016,2022-05-15 04:30:00+00:00,1525694965975638016,"#Tesla CEO #ElonMusk has said that Twitter's legal team accused him of violating a nondisclosure agreement by revealing that the sample size for the social media platform's checks on automated users was 100.
 https://t.co/N1GfpzA2un",livemint,True,tesla|
https://twitter.com/livemint/status/1525555294310375426,2022-05-14 19:15:00+00:00,1525555294310375426,"The Twitter ‘friendship’ between Elon Musk and the techie started when he as an engineering student back in 2018, tagged the tech billionaire and shared about Tesla’s automatic windscreen wipers. Since then, they interact on Twitter.

https://t.co/LI3G5xh0T5",livemint,True,tesla|
https://twitter.com/livemint/status/1525312443819479040,2022-05-14 03:10:00+00:00,1525312443819479040,"Modi has sought to lure manufacturers with a ""Make in India"" campaign, but the transport minister, Nitin Gadkari, said in April it would not be a ""good proposition"" for Tesla to import cars from China to India.

https://t.co/arSEsfH50E",livemint,True,tesla|
https://twitter.com/livemint/status/1525215555808120833,2022-05-13 20:45:00+00:00,1525215555808120833,"Tesla CEO Elon Musk $44 billion takeover deal was accepted by Twitter on 25 April

https://t.co/i0ghLLK9mz",livemint,True,tesla|
https://twitter.com/livemint/status/1525066240644960258,2022-05-13 10:51:40+00:00,1525066240644960258,"The Indian government is pushing Tesla to commit to manufacturing locally before it will lower tariffs, which can run as high as 100% on imported vehicles.

https://t.co/iSIVwSiSy0",livemint,True,tesla|
https://twitter.com/livemint/status/1525066068410380288,2022-05-13 10:50:59+00:00,1525066068410380288,JUST IN | Tesla has put its plan to sell electric cars in India on hold after failing to secure low import taxes: Report https://t.co/snB7rEe0XV,livemint,True,tesla|
https://twitter.com/livemint/status/1524913565538320402,2022-05-13 00:45:00+00:00,1524913565538320402,"From India to Indonesia, #ElonMusk is scouting for sites to make more Teslas. With the world mired in supply chain chaos, access to materials matters most. https://t.co/Q29Y4Ir3JV",livemint,True,tesla|
https://twitter.com/livemint/status/1522901560119992320,2022-05-07 11:30:00+00:00,1522901560119992320,"The #Tesla and #SpaceX chief took to Twitter to quell the rumors about his supposed communication with former United States President #DonaldTrump.
https://t.co/EzRGSBY1ro",livemint,True,tesla|
https://twitter.com/livemint/status/1522833612164386816,2022-05-07 07:00:00+00:00,1522833612164386816,"The #Tesla and #SpaceX chief took to Twitter to quell the rumors about his supposed communication with former United States President #DonaldTrump.
https://t.co/EzRGSBGq2O",livemint,True,tesla|
https://twitter.com/livemint/status/1521669439174975490,2022-05-04 01:54:00+00:00,1521669439174975490,"Tesla CEO Elon Musk has said that Twitter Inc may charge a slight fee for commercial and government users.

""Twitter will always be free for casual users, but maybe a slight cost for commercial/government users,"" Musk said in a tweet.

Read here: https://t.co/074bILusll https://t.co/xHF1yjnBdE",livemint,True,tesla|
https://twitter.com/livemint/status/1521469453346562048,2022-05-03 12:39:19+00:00,1521469453346562048,"#MintPremium | #Tesla is a so-called story stock and #Musk is by far the most important narrator. 

https://t.co/2tQ4bBZnTV",livemint,True,tesla|
https://twitter.com/livemint/status/1520908424711749635,2022-05-01 23:30:00+00:00,1520908424711749635,"Musk has sold roughly $8.5 billion worth of shares in Tesla to help fund the purchase.

https://t.co/ayPYuBpu0S",livemint,True,tesla|
https://twitter.com/livemint/status/1520717164436615168,2022-05-01 10:50:00+00:00,1520717164436615168,"#Musk has sold roughly $8.5 billion worth of shares in #Tesla to help fund the purchase.

https://t.co/ayPYuBH4Sq",livemint,True,tesla|
https://twitter.com/livemint/status/1520286828946870272,2022-04-30 06:20:00+00:00,1520286828946870272,"#MintPremium | Now that #Twitter’s board has accepted #Musk $44 billion buyout offer, the #Tesla CEO and world’s richest person is positioned to act on years of grievance.

https://t.co/yowOQEq3gZ",livemint,True,tesla|
https://twitter.com/livemint/status/1519129705214930944,2022-04-27 01:42:00+00:00,1519129705214930944,"Why did #Tesla lose $126 billion in value after Musk wins #Twitter deal? Find out!

Read here: https://t.co/K1HVRvMwse https://t.co/vcVztFXrqv",livemint,True,tesla|
https://twitter.com/livemint/status/1519126684674387968,2022-04-27 01:30:00+00:00,1519126684674387968,"How #Tesla chief Musk acquired #Twitter. Read inside story of $44 billion deal 

Read  here: https://t.co/bsMIcIzDPq",livemint,True,tesla|
https://twitter.com/livemint/status/1519020988704436224,2022-04-26 18:30:00+00:00,1519020988704436224,"How #Tesla chief Musk acquired #Twitter. Read inside story of $44 billion deal 

Read  here: https://t.co/bsMIcIRfe0 https://t.co/lsH1rrKUWe",livemint,True,tesla|
https://twitter.com/livemint/status/1518878802771730433,2022-04-26 09:05:00+00:00,1518878802771730433,"#TopStoriesOnMint 
1⃣India woos Intel, TSME to set up semiconductor plants- https://t.co/vR7bfFIv87
2⃣Adani Wilmar hits Rs. 1 lakh crore market cap - https://t.co/r1Ano8nWNW
3⃣Gadkari to Tesla: 'Making in China, selling in India not a good proposition' - https://t.co/whSteOd7Q8 https://t.co/Ptup6p8WV8",livemint,True,tesla|
https://twitter.com/livemint/status/1518854796769316864,2022-04-26 07:29:37+00:00,1518854796769316864,"#Tesla chief #ElonMusk feels that tariffs in #India are among the highest in the world.

https://t.co/49Pv0qBd16",livemint,True,tesla|
https://twitter.com/livemint/status/1518812866643562496,2022-04-26 04:43:00+00:00,1518812866643562496,"#Bezos posed a provocative question after #Tesla CEO clinched a $44 billion takeover of #Twitter. 

https://t.co/yg6xaNcHpU",livemint,True,tesla|
https://twitter.com/livemint/status/1518777886089617411,2022-04-26 02:24:00+00:00,1518777886089617411,"How #Tesla chief Musk acquired #Twitter. Read inside story of $44 billion deal 

Read  here: https://t.co/bsMIcIRfe0 https://t.co/5zOsjo1BWb",livemint,True,tesla|
https://twitter.com/livemint/status/1518658600658419712,2022-04-25 18:30:00+00:00,1518658600658419712,#Tesla CEO #ElonMusk has backed a new-age mode of transport that he thinks can prevent casualties during natural disasters like hurricanes. https://t.co/GYoMw0Tvld,livemint,True,tesla|
https://twitter.com/livemint/status/1518430597571485697,2022-04-25 03:24:00+00:00,1518430597571485697,#Tesla CEO #ElonMusk has backed a new-age mode of transport that he thinks can prevent casualties during natural disasters like hurricanes. https://t.co/GYoMw1b6cL,livemint,True,tesla|
https://twitter.com/livemint/status/1518407948476850180,2022-04-25 01:54:00+00:00,1518407948476850180,"#Tesla CEO Musk said Thursday he had secured close to $46.5 billion to finance the transaction, but also that he planned to appeal directly the company's shareholders as he looks to take over the social media platform. https://t.co/7Z2JKC0dUA",livemint,True,tesla|
https://twitter.com/livemint/status/1517986677784031234,2022-04-23 22:00:01+00:00,1517986677784031234,"#Companies | Vaibhav Sisinty, a Bengaluru-based CEO and Founder of GrowthSchool tweeted saying, ""Elon Musk was not the founder of #Tesla. He acquired it.""

https://t.co/8hYl3aoJZQ",livemint,True,tesla|
https://twitter.com/livemint/status/1517717398194774016,2022-04-23 04:10:00+00:00,1517717398194774016,"#Companies | Vaibhav Sisinty, a Bengaluru-based CEO and Founder of GrowthSchool tweeted saying, ""Elon Musk was not the founder of #Tesla. He acquired it.""

https://t.co/8hYl3a78Bg",livemint,True,tesla|
https://twitter.com/livemint/status/1517165254287011842,2022-04-21 15:35:58+00:00,1517165254287011842,"Tesla CEO Elon Musk says he has lined up $46.5 billion in financing to buy Twitter Inc. and is planning to start a tender offer for its shares, a filing with the US regulators showed.

Read here:  https://t.co/wLn3JBqWhc https://t.co/xxE4ZYpXM0",livemint,True,tesla|
https://twitter.com/livemint/status/1517159362652823552,2022-04-21 15:12:34+00:00,1517159362652823552,U.S. stocks rose as a slew of upbeat earnings from companies including Tesla outweighed concerns about aggressive interest rates hikes that have kept bond yields elevated.https://t.co/gwqLXRnteT,livemint,True,tesla|
https://twitter.com/livemint/status/1516735931759308804,2022-04-20 11:10:00+00:00,1516735931759308804,"#AutoNews | Production of car batteries and electrical equipment resumed on Tuesday, as about 8,000 workers returned to the factory on Sunday and Monday, according to the report.

#Tesla https://t.co/8i3Patqowr",livemint,True,tesla|
https://twitter.com/livemint/status/1515692935098118149,2022-04-17 14:05:30+00:00,1515692935098118149,"#MintPremium | #Tesla plans to start with one shift and increase to two shifts by the end of April, as it expects that by then more workers will be released from neighborhood lockdowns.

https://t.co/huq999Dhs9",livemint,True,tesla|
https://twitter.com/livemint/status/1515387042997293058,2022-04-16 17:50:00+00:00,1515387042997293058,"As #Tesla chief #ElonMusk has launched a hostile takeover effort for #Twitter with a $43 billion cash takeover offer, #Snapdeal CEO has cracked a joke on Twitter on this multi-billion dollars bid.

https://t.co/6BMdxCYRUJ",livemint,True,tesla|
https://twitter.com/livemint/status/1515338659938988039,2022-04-16 14:37:44+00:00,1515338659938988039,"In bringing on #JPMorgan, #Twitter is working with a bank that hasn’t been afraid to wrangle with #Musk. 

JPMorgan and Musk’s electric vehicle company #Tesla Inc. have been embroiled in lawsuits. 

https://t.co/QSHuDztZrJ",livemint,True,tesla|
https://twitter.com/livemint/status/1515233531278118913,2022-04-16 07:40:00+00:00,1515233531278118913,"As Tesla chief #ElonMusk has launched a hostile takeover effort for Twitter with a $43 billion cash takeover offer, #Snapdeal CEO has cracked a joke on Twitter on this multi-billion dollars bid.

https://t.co/6BMdxDgtjj",livemint,True,tesla|
https://twitter.com/livemint/status/1515197677608529920,2022-04-16 05:17:32+00:00,1515197677608529920,"As #Tesla chief #ElonMusk has launched a hostile takeover effort for Twitter with a $43 billion cash takeover offer, #Snapdeal CEO has cracked a joke on Twitter on this multi-billion dollars bid.

Read: https://t.co/pLmbdl8cho https://t.co/IpDSEggn7X",livemint,True,tesla|
https://twitter.com/livemint/status/1515095121653600267,2022-04-15 22:30:00+00:00,1515095121653600267,"#Energy | Tesla Power said it has managed to sell battery and energy storage solutions worth over Rs100 crore during its first year of operation in India

https://t.co/oVTmfWS1Rk",livemint,True,tesla|
https://twitter.com/livemint/status/1515009609727049730,2022-04-15 16:50:13+00:00,1515009609727049730,"#Tesla chief executive officer on Thursday offered $54.20 a share in cash for #Twitter, valuing the social media company at $43 billion. 

https://t.co/0XJ2BDypuN",livemint,True,tesla|
https://twitter.com/livemint/status/1514937909115195393,2022-04-15 12:05:18+00:00,1514937909115195393,"The purchase isn’t straightforward, but #ElonMusk has several financing paths. 

One option is to sell his #Tesla shares outright. Another is borrowing against them to stage a leveraged buyout, possibly with outside partners.
https://t.co/dxWQ8ov2wf",livemint,True,tesla|
https://twitter.com/livemint/status/1514838427849555968,2022-04-15 05:30:00+00:00,1514838427849555968,"#Energy | Tesla Power said it has managed to sell battery and energy storage solutions worth over Rs100 crore during its first year of operation in India

https://t.co/oVTmfWAqsK",livemint,True,tesla|
https://twitter.com/livemint/status/1514634594653556746,2022-04-14 16:00:02+00:00,1514634594653556746,"#StockMarket | Twitter jumped 6.4% in premarket trading after Tesla CEO Elon Musk offered to buy the social media company for about $41 billion. The electric-car maker's shares fell 2%

https://t.co/vQ4JZ7DHY7",livemint,True,tesla|
https://twitter.com/livemint/status/1514624518530093057,2022-04-14 15:20:00+00:00,1514624518530093057,"#Companies | Twitter's board will evaluate an ‘unsolicited, non-binding’ offer from Tesla chief Elon Musk to acquire the social media company, Twitter said Thursday.

https://t.co/9pfOHmzZF1",livemint,True,tesla|
https://twitter.com/livemint/status/1514614452951298065,2022-04-14 14:40:00+00:00,1514614452951298065,"#World | #Tesla CEO #ElonMusk's offer to buy Twitter was first made in a 281-character message to the microblogging site. Twitter’s character limit for a tweet is 280.

https://t.co/3UpUNqUxzu",livemint,True,tesla|
https://twitter.com/livemint/status/1514498694280024067,2022-04-14 07:00:01+00:00,1514498694280024067,#AutoNews | #Mercedes plans to spend 60 billion euros ($65 billion) through 2026 to fend off Tesla and win back the title of the world’s best-selling luxury-car maker from its rival BMW AG. https://t.co/QsJW8wk2Gr,livemint,True,tesla|
https://twitter.com/livemint/status/1513286954959441926,2022-04-10 22:45:00+00:00,1513286954959441926,"Sharing a list of the top 10 most-followed personalities on #Twitter, Tesla and SpaceX CEO #ElonMusk pointed out most of them tweet ‘rarely and post very little content’'. 

And poignantly asks, ‘is #Twitter dying?’
https://t.co/on0QDf840s",livemint,True,tesla|
https://twitter.com/livemint/status/1513012899261952002,2022-04-10 04:36:00+00:00,1513012899261952002,"Sharing a list of the top 10 most-followed personalities on #Twitter, Tesla and SpaceX CEO #ElonMusk pointed out most of them tweet ‘rarely and post very little content’'. 

And poignantly asks, ‘is #Twitter dying?’
https://t.co/on0QDf840s",livemint,True,tesla|
https://twitter.com/livemint/status/1512857877857247232,2022-04-09 18:20:00+00:00,1512857877857247232,"#Tesla Inc CEO #ElonMusk announced on Friday that the company will build a dedicated robotaxi, saying it will look quite futuristic, without giving much details.

https://t.co/UpiwpQMwuS",livemint,True,tesla|
https://twitter.com/livemint/status/1512694299653292036,2022-04-09 07:30:00+00:00,1512694299653292036,"#Tesla Inc CEO #ElonMusk announced on Friday that the company will build a dedicated robotaxi, saying it will look quite futuristic, without giving much details.

https://t.co/UpiwpQuVDk",livemint,True,tesla|
https://twitter.com/livemint/status/1512281580122771456,2022-04-08 04:10:00+00:00,1512281580122771456,"#Companies | #Tesla welcomed throngs of electric car lovers to #Texas Thursday for a huge party dubbed a ""cyber rodeo"" to inaugurate a manufacturing plant the size of 100 soccer fields.

https://t.co/PnLQ38SIH8",livemint,True,tesla|
https://twitter.com/livemint/status/1511936808434683905,2022-04-07 05:20:00+00:00,1511936808434683905,"#Tesla boss #ElonMusk has refuted reports that he had reduced his stake in Twitter. 

Here's what he said: 

https://t.co/eU1p34YH5K",livemint,True,tesla|
https://twitter.com/livemint/status/1511795887911043073,2022-04-06 20:00:02+00:00,1511795887911043073,"A day after #Tesla CEO #ElonMusk bought a major stake in the company and became its largest shareholder, the social network's chief executive #ParagAgrawal made the announcement of Musk joining Twitter's board of directors.

https://t.co/4sI2uXtAGx",livemint,True,tesla|
https://twitter.com/livemint/status/1511564354403012610,2022-04-06 04:40:00+00:00,1511564354403012610,"A day after #Tesla CEO #ElonMusk bought a major stake in the company and became its largest shareholder, the social network's chief executive #ParagAgrawal made the announcement of Musk joining Twitter's board of directors.

https://t.co/4sI2uXtAGx",livemint,True,tesla|
https://twitter.com/livemint/status/1511406313015808002,2022-04-05 18:12:00+00:00,1511406313015808002,"#Opinion | #ElonMusk, the 50-year-old South Africa-born American entrepreneur best known for Tesla Inc, SpaceX and his tweets, has bought a $3 billion stake in Twitter Inc, the company which runs the world’s top micro-blog platform. https://t.co/PUWMO7NTBL",livemint,True,tesla|
https://twitter.com/livemint/status/1511293066719776771,2022-04-05 10:42:00+00:00,1511293066719776771,"#Tesla Chief Executive #ElonMusk disclosed a 9% stake in #Twitter, days after he suggested he would take a more active approach in the social-media industry.

Twitter’s stock rose 19% to $46.88 in premarket trading...

Read here: https://t.co/NCRny6CRTx https://t.co/WjDw2nEHhZ",livemint,True,tesla|
https://twitter.com/livemint/status/1510644543590318085,2022-04-03 15:45:00+00:00,1510644543590318085,"US-based #Tesla produced more than 305,000 vehicles in the first quarter of the current year (January - March 2022). 

While the electric vehicle giant delivered 310,000 vehicles.

https://t.co/PPD1BtVRMd",livemint,True,tesla|
https://twitter.com/livemint/status/1510497324954488833,2022-04-03 06:00:00+00:00,1510497324954488833,"US-based #Tesla produced more than 305,000 vehicles in the first quarter of the current year (January - March 2022). 

While the electric vehicle giant delivered 310,000 vehicles.

https://t.co/PPD1BtEgUF",livemint,True,tesla|
https://twitter.com/livemint/status/1510376532358934534,2022-04-02 22:00:01+00:00,1510376532358934534,"#MintPremium | Auto makers increasingly are deploying reservation systems for their most buzzed-about new models, a tactic popularized over the past decade by Tesla Inc.

https://t.co/Yu9ZvvR4wo",livemint,True,tesla|
https://twitter.com/livemint/status/1510116816055459842,2022-04-02 04:48:00+00:00,1510116816055459842,"#MintPremium | Auto makers increasingly are deploying reservation systems for their most buzzed-about new models, a tactic popularized over the past decade by Tesla Inc.

https://t.co/Yu9Zvw8FnW",livemint,True,tesla|
https://twitter.com/livemint/status/1508853995116408833,2022-03-29 17:10:00+00:00,1508853995116408833,"#ElonMusk wants to block an SEC subpoena seeking information about #Tesla’s public-disclosure controls and to undo a set of court orders he and his company agreed to in 2018, which led to reviews of his company-related tweets by an in-house official

https://t.co/BpQieLl7j5",livemint,True,tesla|
https://twitter.com/livemint/status/1508277697885216771,2022-03-28 03:00:00+00:00,1508277697885216771,"The U.S. NHTSA has reinstated higher penalties for automakers failing to meet fuel efficiency requirements in recent years, a win for Tesla that could cost other automakers hundreds of millions of dollars or more https://t.co/3XjxWsAVdd",livemint,True,tesla|
https://twitter.com/livemint/status/1503781824086085650,2022-03-15 17:15:00+00:00,1503781824086085650,"#Tesla has decided to increase the costs of its electric cars due to rising input costs. The #ElonMusk-owned EV maker, Tesla, is going to raise the price between 3 to 5 per cent. https://t.co/sEtJLwgGiu",livemint,True,tesla|
https://twitter.com/livemint/status/1503684934807928833,2022-03-15 10:50:00+00:00,1503684934807928833,"#Tesla has decided to increase the costs of its electric cars due to rising input costs. The #ElonMusk-owned EV maker, Tesla, is going to raise the price between 3 to 5 per cent. https://t.co/sEtJLwyha2",livemint,True,tesla|
https://twitter.com/livemint/status/1503359037903101954,2022-03-14 13:15:00+00:00,1503359037903101954,"World's richest person and #Tesla's, SpaceX Chief Executive Officer (CEO) Elon Musk tweeted that he owns cryptocurrencies Bitcoin, ether, and dogecoin and is not planning to sell them. https://t.co/OlbsHPKiee",livemint,True,tesla|
https://twitter.com/livemint/status/1503279772155011077,2022-03-14 08:00:01+00:00,1503279772155011077,"World's richest person and #Tesla's, SpaceX Chief Executive Officer (CEO) Elon Musk tweeted that he owns cryptocurrencies Bitcoin, ether, and dogecoin and is not planning to sell them. https://t.co/OlbsHQ1T5M",livemint,True,tesla|
https://twitter.com/livemint/status/1502687109794054145,2022-03-12 16:45:00+00:00,1502687109794054145,"#Companies | #ElonMusk’s assertion that his now-infamous 2018 tweet about taking Tesla Inc. private was true drew skepticism from a judge.

More here: 

https://t.co/QeyvBDiLMe",livemint,True,tesla|
https://twitter.com/livemint/status/1502504657536528388,2022-03-12 04:40:00+00:00,1502504657536528388,"#Companies | #ElonMusk’s assertion that his now-infamous 2018 tweet about taking Tesla Inc. private was true drew skepticism from a judge.

More here: 

https://t.co/QeyvBDiLMe",livemint,True,tesla|
https://twitter.com/livemint/status/1500520332561682441,2022-03-06 17:15:00+00:00,1500520332561682441,"#Tesla CEO took to Twitter to share that #Starlink has been told by some governments to block Russian news sources

#ElonMusk 

https://t.co/K83by7y7lP",livemint,True,tesla|
https://twitter.com/livemint/status/1500154173785980934,2022-03-05 17:00:01+00:00,1500154173785980934,"#Tesla CEO took to Twitter to share that #Starlink has been told by some governments to block Russian news sources

#ElonMusk 

https://t.co/K83by7gvXf",livemint,True,tesla|
https://twitter.com/livemint/status/1500108882827530244,2022-03-05 14:00:02+00:00,1500108882827530244,"After getting snarled up in German red tape, #Tesla at last got the final go-ahead from authorities, paving the way for production to begin shortly at its ""gigafactory"" outside Berlin.

Read: https://t.co/SLRJW2dyOh",livemint,True,tesla|
https://twitter.com/livemint/status/1500043439932690432,2022-03-05 09:40:00+00:00,1500043439932690432,"#Tesla CEO took to Twitter to share that #Starlink has been told by some governments to block Russian news sources

#ElonMusk 

https://t.co/K83by7y7lP",livemint,True,tesla|
https://twitter.com/livemint/status/1500023307399311361,2022-03-05 08:20:00+00:00,1500023307399311361,"After getting snarled up in German red tape, #Tesla at last got the final go-ahead from authorities, paving the way for production to begin shortly at its ""gigafactory"" outside Berlin.

Read: https://t.co/SLRJW2dyOh https://t.co/SUzFa24DTN",livemint,True,tesla|
https://twitter.com/livemint/status/1499957876483244033,2022-03-05 04:00:00+00:00,1499957876483244033,"Tesla Founder #ElonMusk called for an immediate increase in oil and gas production around the world because sustainable solutions cannot replace Russian output

Read: https://t.co/qFqiH8XBgR https://t.co/7FucEhJUsv",livemint,True,tesla|
https://twitter.com/livemint/status/1499504892087611395,2022-03-03 22:00:00+00:00,1499504892087611395,"Google, Apple, Tesla, 5 other US stocks to start trading on NSE IFSC 

Read here: https://t.co/P6XzricbzD https://t.co/Ex3hxL6awZ",livemint,True,tesla|
https://twitter.com/livemint/status/1499187804554743812,2022-03-03 01:00:00+00:00,1499187804554743812,Tesla CEO #ElonMusk sent a message to the person managing US President Joe Biden's Twitter handle.https://t.co/vMKz1ZkQkW,livemint,True,tesla|
https://twitter.com/livemint/status/1498923477562187778,2022-03-02 07:29:40+00:00,1498923477562187778,Tesla CEO #ElonMusk sent a message to the person managing US President Joe Biden's Twitter handle.https://t.co/vMKz1Z3fto,livemint,True,tesla|
https://twitter.com/livemint/status/1496658638190129153,2022-02-24 01:30:00+00:00,1496658638190129153,"A former #Tesla construction manager has filed a lawsuit against the electric car company alleging he was fired for reporting widespread safety violations and race discrimination at #Tesla's factories.

Read: https://t.co/UvhkxzbLVR https://t.co/pjzKDj6Hc0",livemint,True,tesla|
https://twitter.com/livemint/status/1496369229876002819,2022-02-23 06:20:00+00:00,1496369229876002819,"A former #Tesla construction manager has filed a lawsuit against the electric car company alleging he was fired for reporting widespread safety violations and race discrimination at #Tesla's factories.

Read: https://t.co/UvhkxztmNp https://t.co/QheZ4oggCE",livemint,True,tesla|
https://twitter.com/livemint/status/1495020344012386308,2022-02-19 13:00:00+00:00,1495020344012386308,"In Nov, according to a regulatory filling, the #Tesla CEO donated to charity about 5 million shares of company stock, worth $5.7 billion. 

Since the filing with the SEBI was made public Monday, Tesla hasn't responded to a request for comment. 

https://t.co/BJoRqc0fbV",livemint,True,tesla|
https://twitter.com/livemint/status/1494917161646641152,2022-02-19 06:10:00+00:00,1494917161646641152,"In Nov, according to a regulatory filling, the #Tesla CEO donated to charity about 5 million shares of company stock, worth $5.7 billion. 

Since the filing with the SEBI was made public Monday, Tesla hasn't responded to a request for comment. 

https://t.co/BJoRqchQ3t",livemint,True,tesla|
https://twitter.com/livemint/status/1494676828274892801,2022-02-18 14:15:00+00:00,1494676828274892801,"Youtuber, #MaxFosh claims he became the world’s richest person, with a net worth nearly twice that of Tesla founder #ElonMusk, albeit for a period of seven long minutes

Read: https://t.co/sJN6VguDHf https://t.co/iOfyjrU1Pg",livemint,True,tesla|
https://twitter.com/livemint/status/1494650404251922436,2022-02-18 12:30:00+00:00,1494650404251922436,"The #Tesla and SpaceX CEO #ElonMusk tweeted a satirical meme comparing Canadian Prime Minister #JustinTrudeau to Nazi leader Adolf Hitler, which said ""Stop comparing me to Justin Trudeau. I had a budget.""

https://t.co/hsyUn182PE",livemint,True,tesla|
https://twitter.com/livemint/status/1494538627132850176,2022-02-18 05:05:50+00:00,1494538627132850176,"Youtuber, #MaxFosh claims he became the world’s richest person, with a net worth nearly twice that of Tesla founder #ElonMusk, albeit for a period of seven long minutes

Read: https://t.co/sJN6VgdAFf https://t.co/R6GxqPV7Yo",livemint,True,tesla|
https://twitter.com/livemint/status/1494511880227987457,2022-02-18 03:19:33+00:00,1494511880227987457,"The #Tesla and SpaceX CEO #ElonMusk tweeted a satirical meme comparing Canadian Prime Minister #JustinTrudeau to Nazi leader Adolf Hitler, which said ""Stop comparing me to Justin Trudeau. I had a budget.""

https://t.co/hsyUn0QrY6",livemint,True,tesla|
https://twitter.com/livemint/status/1494484310002319362,2022-02-18 01:30:00+00:00,1494484310002319362,"#Companies | Elon Musk, it seems, is finally becoming a philanthropist on the scale of his billionaire peers. 

The electric car and space mogul gifted $5.7 billion worth of Tesla Inc. stock to charity in the span of 10 days in November. 

https://t.co/F6kw82iGiD",livemint,True,tesla|
https://twitter.com/livemint/status/1494284241340973059,2022-02-17 12:15:00+00:00,1494284241340973059,"#AutoNews | US auto safety regulators have launched another investigation of #Tesla, this time tied to complaints that its cars can stop on roads for no apparent reason. https://t.co/jLosCWmrcj",livemint,True,tesla|
https://twitter.com/livemint/status/1494231968263077889,2022-02-17 08:47:17+00:00,1494231968263077889,"#Companies | #ElonMusk compared Munger’s latest comments with a 2009 incident when the billionaire investor ‘told the whole table’ at a lunch meeting on ‘all the ways #Tesla would fail’

Read: https://t.co/NkyKCeksLH https://t.co/W6d9CutRNf",livemint,True,tesla|
https://twitter.com/livemint/status/1494177095597309956,2022-02-17 05:09:14+00:00,1494177095597309956,"#Companies | Elon Musk, it seems, is finally becoming a philanthropist on the scale of his billionaire peers. 

The electric car and space mogul gifted $5.7 billion worth of Tesla Inc. stock to charity in the span of 10 days in November. 

https://t.co/F6kw821DgD",livemint,True,tesla|
https://twitter.com/livemint/status/1493919422880583682,2022-02-16 12:05:20+00:00,1493919422880583682,#Tesla would need to commit to sourcing at least $500 million of auto components from India for the electric carmaker’s request for an import tax cut on its vehicles to be considered https://t.co/SKsX9gQieh,livemint,True,tesla|
https://twitter.com/livemint/status/1493751993449398282,2022-02-16 01:00:02+00:00,1493751993449398282,"#Companies | Elon Musk reported that he gifted almost $6 billion worth of Tesla Inc. shares to charity in November.

https://t.co/RQMu0ZaxyR",livemint,True,tesla|
https://twitter.com/livemint/status/1493499614833840128,2022-02-15 08:17:10+00:00,1493499614833840128,"#Companies | Elon Musk reported that he gifted almost $6 billion worth of Tesla Inc. shares to charity in November.

https://t.co/RQMu0ZsGMZ",livemint,True,tesla|
https://twitter.com/livemint/status/1492722701831741446,2022-02-13 04:50:00+00:00,1492722701831741446,"#Companies | Tesla had earlier initiated a recall of some 54,000 vehicles equipped with FSD Beta to disable a feature that had allowed the cars to go through a stop sign without fully halting in certain situations

https://t.co/tN3k9xabdu",livemint,True,tesla|
https://twitter.com/livemint/status/1491586464974524419,2022-02-10 01:35:00+00:00,1491586464974524419,"#Tesla made an “idiotic"" decision more than a year ago when it paused production of the Model X while introducing an updated version, Chief Executive Officer #ElonMusk said. https://t.co/QVnwn1AWhY",livemint,True,tesla|
https://twitter.com/livemint/status/1491487069171978241,2022-02-09 19:00:02+00:00,1491487069171978241,"#ElonMusk emailed for weeks with the father of a teen who died in a fiery #Tesla crash and helped to update a speed-limiting safety feature at the grieving man’s request, court records show.

https://t.co/d24Fr9FEZV",livemint,True,tesla|
https://twitter.com/livemint/status/1491411565823807488,2022-02-09 14:00:01+00:00,1491411565823807488,"#Auto | Tesla Inc is recalling 26,681 vehicles in the United States because a software error may result in decreased windshield defrosting performance, the National Highway Traffic Safety Administration (NHTSA) said Wednesday.

https://t.co/UiEzNtB9gG",livemint,True,tesla|
https://twitter.com/livemint/status/1491250608464338944,2022-02-09 03:20:25+00:00,1491250608464338944,"#ElonMusk emailed for weeks with the father of a teen who died in a fiery #Tesla crash and helped to update a speed-limiting safety feature at the grieving man’s request, court records show.

https://t.co/d24Fr9oBXV",livemint,True,tesla|
https://twitter.com/livemint/status/1491227851949027332,2022-02-09 01:50:00+00:00,1491227851949027332,"U.S. President #JoeBiden publicly acknowledged the role of Tesla in U.S. electric vehicle manufacturing on Tuesday, after Chief Executive Elon Musk repeatedly complained about being ignored. https://t.co/q1vbzT3kNY",livemint,True,tesla|
https://twitter.com/livemint/status/1490654887314862081,2022-02-07 11:53:14+00:00,1490654887314862081,"Tesla Inc said on Monday the fair market value of the electric-vehicle maker's bitcoin holdings as of 31 December was $1.99 billion.

 https://t.co/hERww3LYEq",livemint,True,tesla|
https://twitter.com/livemint/status/1490396121579106314,2022-02-06 18:45:00+00:00,1490396121579106314,"#MintPremium | How to boost the price of your Tesla? Drive it off the lot 

Read here: https://t.co/2FoNzlJzoe",livemint,True,tesla|
https://twitter.com/livemint/status/1490271552587251713,2022-02-06 10:30:00+00:00,1490271552587251713,"#MintPremium | How to boost the price of your Tesla? Drive it off the lot 

Read here: https://t.co/2FoNzlrXZE https://t.co/wRVQ52WNY5",livemint,True,tesla|
https://twitter.com/livemint/status/1489939363437944841,2022-02-05 12:30:00+00:00,1489939363437944841,"#Companies |  Tesla Inc is welcome to India if they commit to local manufacturing, assembling, and sourcing norms, a senior finance ministry official told ANI

https://t.co/oc3SHutox9",livemint,True,tesla|
https://twitter.com/livemint/status/1489856316776480768,2022-02-05 07:00:00+00:00,1489856316776480768,"#Companies |  Tesla Inc is welcome to India if they commit to local manufacturing, assembling, and sourcing norms, a senior finance ministry official told ANI

https://t.co/oc3SHuKZoH",livemint,True,tesla|
https://twitter.com/livemint/status/1489830748337369089,2022-02-05 05:18:24+00:00,1489830748337369089,"#Companies |  Tesla Inc is welcome to India if they commit to local manufacturing, assembling, and sourcing norms, a senior finance ministry official told ANI

https://t.co/YsVVuGEep6",livemint,True,tesla|
https://twitter.com/livemint/status/1488980544276746240,2022-02-02 21:00:00+00:00,1488980544276746240,"#Auto | Tesla Inc will be recalling 54,000 cars and SUVs as their cars; ""Full Self-Driving"" software allows some models to roll through stop signs without coming to a complete halt, posing a safety risk. 

https://t.co/XyzQTYImPk",livemint,True,tesla|
https://twitter.com/livemint/status/1488760967966380034,2022-02-02 06:27:29+00:00,1488760967966380034,"#Companies | Elon Musk says his 2018 tweet about plans to take Tesla Inc. private was “entirely truthful"" and that investors who claim the missive was a fraud are wrong. 

https://t.co/NrJztGYJgr",livemint,True,tesla|
https://twitter.com/livemint/status/1488710746242686976,2022-02-02 03:07:55+00:00,1488710746242686976,"#Auto | Tesla Inc will be recalling 54,000 cars and SUVs as their cars; ""Full Self-Driving"" software allows some models to roll through stop signs without coming to a complete halt, posing a safety risk. 

https://t.co/2ibxzEmnfS",livemint,True,tesla|
https://twitter.com/livemint/status/1488484902458642436,2022-02-01 12:10:30+00:00,1488484902458642436,"#Tesla will recall 53,822 U.S. vehicles with the company's Full Self-Driving (Beta) software that may allow some models to conduct ""rolling stops"" and not come to a complete stop at some intersections posing a safety risk. https://t.co/sasySTFWrM",livemint,True,tesla|
https://twitter.com/livemint/status/1487614039735812100,2022-01-30 02:30:00+00:00,1487614039735812100,"#MintPremium | #Tesla is the latest entrant into the Carpool Karaoke competition 

Read here: https://t.co/mwF6J3xZtB https://t.co/ZtKnp8KWFF",livemint,True,tesla|
https://twitter.com/livemint/status/1487447945242812419,2022-01-29 15:30:00+00:00,1487447945242812419,"#MintPremium | #ElonMusk is betting that he can turn Tesla into one of the world’s largest car makers while selling just a handful of models, challenging a long-held auto-industry belief that it takes a diverse stable of updated models to attract buyers. https://t.co/aWVZV4JfQf",livemint,True,tesla|
https://twitter.com/livemint/status/1487355838243160064,2022-01-29 09:24:00+00:00,1487355838243160064,"#MintPremium | #ElonMusk is betting that he can turn Tesla into one of the world’s largest car makers while selling just a handful of models, challenging a long-held auto-industry belief that it takes a diverse stable of updated models to attract buyers. https://t.co/aWVZV50ReP",livemint,True,tesla|
https://twitter.com/livemint/status/1487309754753978373,2022-01-29 06:20:53+00:00,1487309754753978373,"#MintPremium | #Tesla is the latest entrant into the Carpool Karaoke competition 

Read here: https://t.co/mwF6J3PAl9 https://t.co/CiPNCv7LiF",livemint,True,tesla|
https://twitter.com/livemint/status/1486953973617549316,2022-01-28 06:47:08+00:00,1486953973617549316,"American billionaire #ElonMusk slammed US President Joe Biden after the latter left out the name of Tesla in a post that talked about the future of electric vehicles in America.

https://t.co/iqZu9MFrQg https://t.co/mFjmHv9h1O",livemint,True,tesla|
https://twitter.com/livemint/status/1486695487289716740,2022-01-27 13:40:00+00:00,1486695487289716740,"#Opinion | India should use #Tesla as a catalyst for setting off a chain reaction that transforms domestic EV manufacturing, instead of surrendering our vast market for myopic political gains, writes @DivaJain2

#MintPremium 

https://t.co/GDPIQy6noG",livemint,True,tesla|
https://twitter.com/livemint/status/1486592421970411521,2022-01-27 06:50:27+00:00,1486592421970411521,"#Opinion | With #Tesla looking for new factory locations in 2022, @DivaJain2 talks about how we can craft a strategic lure to get a Giga India.

#MintPremium 

https://t.co/GDPIQy6noG",livemint,True,tesla|
https://twitter.com/livemint/status/1486182203306692608,2022-01-26 03:40:23+00:00,1486182203306692608,"Tesla inches toward blue-chip status after Moody’s rating boost 

Read here: https://t.co/tJJcqLKBsg https://t.co/VclNggcduR",livemint,True,tesla|
https://twitter.com/livemint/status/1485636009131970562,2022-01-24 15:30:01+00:00,1485636009131970562,"#Opinion | From smartphones to #Tesla Inc. cars, lithium-ion batteries are everywhere.

But when Asia’s richest man went shopping in England with 100 million pounds ($136 million), he came back with humble sodium.  

https://t.co/XmhIaLONRo",livemint,True,tesla|
https://twitter.com/livemint/status/1484303475777282049,2022-01-20 23:15:00+00:00,1484303475777282049,"#Companies | Talks between India and #Tesla Inc over potential tax benefits are deadlocked as the govt is not keen to give the company any breaks without a commitment to manufacture locally, people familiar with the discussions told

https://t.co/A97b91STeh",livemint,True,tesla|
https://twitter.com/livemint/status/1484212878500679682,2022-01-20 17:15:00+00:00,1484212878500679682,"Maharashtra's environment minister #AadityaUddhav Thackeray urged the central govt to lower tax rates on imported cars in the budget on Feb. 1, following calls by electric carmakers like #Tesla.

Here's all you need to know 

https://t.co/r9Fr95Hti0",livemint,True,tesla|
https://twitter.com/livemint/status/1484115990023602176,2022-01-20 10:50:00+00:00,1484115990023602176,"#Companies | Talks between India and #Tesla Inc over potential tax benefits are deadlocked as the govt is not keen to give the company any breaks without a commitment to manufacture locally, people familiar with the discussions told

https://t.co/A97b91STeh",livemint,True,tesla|
https://twitter.com/livemint/status/1484040492631224322,2022-01-20 05:50:00+00:00,1484040492631224322,"Maharashtra's environment minister #AadityaUddhav Thackeray urged the central govt to lower tax rates on imported cars in the budget on Feb. 1, following calls by electric carmakers like #Tesla.

Here's all you need to know 

https://t.co/r9Fr95pRTq",livemint,True,tesla|
https://twitter.com/livemint/status/1483918438653378566,2022-01-19 21:45:00+00:00,1483918438653378566,"The lawsuit by union pension funds and asset managers alleges that #Musk strong-armed the #Tesla board into approving the deal for the cash-strapped SolarCity, in which Musk was the top shareholder.

https://t.co/EGQTOfOujx",livemint,True,tesla|
https://twitter.com/livemint/status/1483884465889939460,2022-01-19 19:30:00+00:00,1483884465889939460,"#Tesla and #SpaceX CEO #ElonMusk wants people to be concerned about having more children. “We should be much more worried about population collapse,"" Musk wrote in a tweet.

https://t.co/fi8NyEfnhO",livemint,True,tesla|
https://twitter.com/livemint/status/1483647905575677954,2022-01-19 03:50:00+00:00,1483647905575677954,"#Tesla and #SpaceX CEO #ElonMusk wants people to be concerned about having more children. “We should be much more worried about population collapse,"" Musk wrote in a tweet.

https://t.co/fi8NyEfnhO",livemint,True,tesla|
https://twitter.com/livemint/status/1483623998164508673,2022-01-19 02:15:00+00:00,1483623998164508673,"The lawsuit by union pension funds and asset managers alleges that #Musk strong-armed the #Tesla board into approving the deal for the cash-strapped SolarCity, in which Musk was the top shareholder.

https://t.co/CdI0vymWxV",livemint,True,tesla|
https://twitter.com/livemint/status/1483148364443123714,2022-01-17 18:45:00+00:00,1483148364443123714,#Tesla had requested the Union government to withdraw the social welfare surcharge of 10% on electric cars https://t.co/mRbfhpE2ak,livemint,True,tesla|
https://twitter.com/livemint/status/1483030084789280770,2022-01-17 10:55:00+00:00,1483030084789280770,"#Musk and the Indian government have been in talks for years, but disagreements over a local factory and import duties have led to an impasse, meaning #Tesla still doesn’t sell cars in India, three years after showing definite intent. https://t.co/CK9LQPPELE",livemint,True,tesla|
https://twitter.com/livemint/status/1482914782290321413,2022-01-17 03:16:49+00:00,1482914782290321413,#Tesla had requested the Union government to withdraw the social welfare surcharge of 10% on electric cars https://t.co/mRbfhpVDyU,livemint,True,tesla|
https://twitter.com/livemint/status/1482684057037254660,2022-01-16 12:00:00+00:00,1482684057037254660,"Jayant Patil, Maharashtra State Water Resources Minister and State NCP chief today invited #SpaceX owner and #Tesla CEO, Elon Musk to visit the state

 https://t.co/gelzfAs2jy",livemint,True,tesla|
https://twitter.com/livemint/status/1482668956913741827,2022-01-16 11:00:00+00:00,1482668956913741827,"After Telangana and Maharashtra, Punjab Congress chief Navjot Singh Sidhu on Sunday invited Tesla CEO Elon Musk to set up manufacturing units in the state. https://t.co/oGeMRlu1Fy",livemint,True,tesla|
https://twitter.com/livemint/status/1482642531007582210,2022-01-16 09:15:00+00:00,1482642531007582210,"#Tesla is turning to Mozambique for a key component in its electric car batteries in what analysts believe is a first-of-its-kind deal designed to reduce its dependence on China for graphite.
https://t.co/t3XoCfb8Zg",livemint,True,tesla|
https://twitter.com/livemint/status/1482618853087916038,2022-01-16 07:40:54+00:00,1482618853087916038,"Jayant Patil, Maharashtra State Water Resources Minister and State NCP chief today invited #SpaceX owner and #Tesla CEO, Elon Musk to visit the state

 https://t.co/gelzfAsA96",livemint,True,tesla|
https://twitter.com/livemint/status/1481936632857210880,2022-01-14 10:30:00+00:00,1481936632857210880,"#Tesla Inc merchandise can be bought using the digital currency dogecoin, the electric-car maker's Chief Executive Officer #ElonMusk said in a tweet  

https://t.co/cpRtILECHe",livemint,True,tesla|
https://twitter.com/livemint/status/1480854499291926529,2022-01-11 10:50:00+00:00,1480854499291926529,"#Auto | #Tesla Inc sold 70,847 China-made vehicles in December, the highest monthly rate since it started manufacturing in Shanghai in 2019, data from the China Passenger Car Association (CPCA) showed. 

https://t.co/Qv9RBLdy8P",livemint,True,tesla|
https://twitter.com/livemint/status/1479706937541419009,2022-01-08 06:50:00+00:00,1479706937541419009,"#Companies | Tesla Inc Chief Executive Officer #ElonMusk tweeted on Friday that the electric carmaker will raise the U.S. price of its advanced driver assistant software dubbed ""Full Self Driving"" to $12,000 on Jan. 17.

https://t.co/BcMtWaam9q",livemint,True,tesla|
https://twitter.com/livemint/status/1478837458582310913,2022-01-05 21:15:00+00:00,1478837458582310913,"#Companies | American activists are appealing to #Tesla Inc. to close a new showroom in #China’s northwestern region of #Xinjiang, where officials are accused of abuses against mostly Muslim ethnic minorities.

https://t.co/aJjA0gEHZt",livemint,True,tesla|
https://twitter.com/livemint/status/1478570228627873794,2022-01-05 03:33:07+00:00,1478570228627873794,"#Companies | American activists are appealing to #Tesla Inc. to close a new showroom in #China’s northwestern region of #Xinjiang, where officials are accused of abuses against mostly Muslim ethnic minorities.

https://t.co/v3zv45Z1HD",livemint,True,tesla|
https://twitter.com/livemint/status/1478283504639041540,2022-01-04 08:33:47+00:00,1478283504639041540,"#Auto | #Tesla's announcement that it has opened a showroom in Xinjiang has attracted criticism from U.S. rights and trade groups, making it the latest foreign firm caught up in tensions related to the far-western Chinese region.

https://t.co/GOGV6Gcrrp",livemint,True,tesla|
https://twitter.com/livemint/status/1477835607103524864,2022-01-03 02:54:00+00:00,1477835607103524864,"#Tesla said Sunday it delivered nearly one million vehicles in 2021, almost twice as many as in the previous year, results that were better than expected despite global supply challenges.",livemint,True,tesla|
